time (h);250uM Y;time (h);200uM Y;time (h);110uM Y;time (h);100uM Y;time (h);90uM Y
0.0;0.0;0.0;0.0;0.0;0.0;0.0;0.0;0.0;0.0
0.0;0.0;0.0;0.0;0.083333333;-0.000305073859987;0.083333333;-0.000180071046213;0.083333333;-0.00100820002689
0.083333333;0.000827032136106;0.083333333;0.000575065471981;0.166666667;-0.000441554271034;0.166666667;-0.000245551426654;0.166666667;-0.000504100013443
0.083333333;0.00199374623483;0.083333333;0.00996899461925;0.25;-0.000537893384714;0.25;0.000425622472867;0.25;-0.00023524667294
0.166666667;-0.00062765831758;0.166666667;0.00174462430351;0.333333333;-0.000417469492614;0.333333333;-9.82E+06;0.333333333;-0.00132746336873
0.166666667;0.00365759201354;0.166666667;0.0223572431628;0.416666667;-0.000481695568401;0.416666667;-0.000196441141323;0.416666667;-0.000789756687727
0.25;0.00660887287335;0.25;0.0;0.5;-0.000489723827874;0.5;0.000212811236433;0.5;-0.000856970022853
0.25;0.0064474023925;0.25;0.00131332519952;0.583333333;-0.000369299935774;0.583333333;-0.000180071046213;0.583333333;-0.00035287000941
0.333333333;-0.000900874291115;0.25;0.0336749023261;0.666666667;-0.000594091201028;0.666666667;-0.000327401902205;0.666666667;-0.000957790025541
0.333333333;0.00414527094868;0.333333333;-0.00199137593101;0.75;-0.000690430314708;0.75;8.19E+06;0.75;-0.000806560021508
0.416666667;0.0;0.333333333;0.00164359928816;0.833333333;-0.000578034682081;0.833333333;-0.000441992567977;0.833333333;-0.000856970022853
0.416666667;0.00877244801512;0.333333333;0.023413928785;0.916666667;-0.000481695568401;0.916666667;6.55E+05;0.916666667;-0.000924183357978
0.416666667;0.00962448721994;0.416666667;0.000611524892199;1.0;-0.000594091201028;1.0;-0.000261921521764;1.0;-0.000218443339158
0.5;-0.0136432023343;0.416666667;0.000971394378346;1,083,333,333;-0.000313102119461;1,083,333,333;-0.000507472948418;1,083,333,333;-0.000638526683694
0.5;0.0070666942344;0.416666667;0.0437551270108;1,166,666,667;-0.000602119460501;1,166,666,667;-0.000261921521764;1,166,666,667;-0.000840166689071
0.5;0.015225623225;0.5;0.00228929831439;1.25;-0.000730571612075;1.25;-0.000589323423969;1.25;-0.000655330017475
0.583333333;0.00238214643932;0.5;0.00283647158477;1,333,333,333;-0.000457610789981;1,333,333,333;-0.000163700951103;1,333,333,333;-0.00047049334588
0.583333333;0.00753928402647;0.5;0.0487882874741;1,416,666,667;-0.000489723827874;1,416,666,667;-0.000212811236433;1,416,666,667;-0.000806560021508
0.583333333;0.0218523193436;0.583333333;0.005049000392;1.5;-0.000465639049454;1.5;8.19E+06;1.5;-0.00112582336336
0.666666667;-0.00476281899811;0.583333333;0.00259945135646;1,583,333,333;-0.000393384714194;1,583,333,333;-0.000147330855992;1,583,333,333;-0.000957790025541
0.666666667;-0.00467311023981;0.583333333;0.0541134268593;1,666,666,667;-0.000353243416827;1,666,666,667;-0.000360142092426;1,666,666,667;-0.000772953353945
0.666666667;0.0184242232996;0.666666667;-0.0040925127401;1.75;-0.000650289017341;1.75;-0.000180071046213;1.75;-0.000252050006721
0.75;-0.0176780341023;0.666666667;0.000303075046044;1,833,333,333;-0.000537893384714;1,833,333,333;-0.000491102853308;1,833,333,333;-0.00035287000941
0.75;-0.00874291115312;0.666666667;0.0518332105168;1,916,666,667;-0.000489723827874;1,916,666,667;-0.000720284184851;1,916,666,667;-0.00142828337142
0.75;0.0080180154336;0.75;-0.00137985103881;2.0;-0.000730571612075;2.0;-0.000229181331544;2.0;-0.000604920016131
0.833333333;-0.0228184553661;0.75;0.00409928427662;2,083,333,333;-0.000698458574181;2,083,333,333;3.27E+06;2,083,333,333;-0.000369673343191
0.833333333;-0.00774604206049;0.75;0.0580064791513;2,166,666,667;-0.000658317276814;2,166,666,667;-0.000409252377756;2,166,666,667;-0.000756150020164
0.833333333;0.00471183912333;0.833333333;-0.000956487651901;2.25;-0.000497752087347;2.25;-0.000261921521764;2.25;-0.00203320338755
0.916666667;-0.0234339381782;0.833333333;0.00575065471981;2,333,333,333;-0.000441554271034;2,333,333,333;-0.000769394470182;2,333,333,333;-0.000856970022853
0.916666667;-0.00662364130435;0.833333333;0.0405433588699;2,416,666,667;-0.000666345536288;2,416,666,667;-0.000392882282646;2,416,666,667;-0.00146189003898
0.916666667;0.00807538942597;0.916666667;-0.00109184728126;2.5;-0.000417469492614;2.5;-0.00062206361419;2.5;-0.00126025003361
1.0;-0.0210859852284;0.916666667;0.00131713053704;2,583,333,333;-0.000361271676301;2,583,333,333;4.91E+06;2,583,333,333;-0.00164672671058
1.0;-0.00635042533081;0.916666667;0.0415444294593;2,666,666,667;-0.000505780346821;2,666,666,667;-0.000196441141323;2,666,666,667;-0.00184836671596
1.0;0.00631113916062;1.0;-0.00283810270482;2.75;-0.000489723827874;2.75;-0.000572953328859;2.75;-0.000302460008066
1,083,333,333;-0.0210517917389;1.0;0.00114235978894;2,833,333,333;-0.000722543352601;2,833,333,333;-0.000392882282646;2,833,333,333;0.00119303669848
1,083,333,333;-0.00462990311909;1.0;0.0392503093586;2,916,666,667;-0.000762684649968;2,916,666,667;-0.000245551426654;2,916,666,667;0.000403280010754
1,083,333,333;0.00901488855102;1,083,333,333;-0.000815366522932;3.0;-0.000497752087347;3.0;3.27E+06;3.0;-0.00173074337949
1,166,666,667;-0.0219522202973;1,083,333,333;0.00143766367995;3,083,333,333;-0.000666345536288;3,083,333,333;-0.000491102853308;3,083,333,333;-0.00191558005108
1,166,666,667;-0.00515418241966;1,083,333,333;0.0396118070715;3,166,666,667;-0.000465639049454;3,166,666,667;-0.000196441141323;3,166,666,667;-0.00127705336739
1,166,666,667;0.00500588083422;1,166,666,667;-0.000846726773814;3.25;-0.000513808606294;3.25;-0.000703914089741;3.25;-0.000201640005377
1.25;-0.0192965259415;1,166,666,667;0.000800428967757;3,333,333,333;-0.000457610789981;3,333,333,333;-9.82E+06;3,333,333,333;-0.0016299233768
1.25;-0.00132177457467;1,166,666,667;0.0446032562602;3,416,666,667;-0.00019267822736;3,416,666,667;-0.00067117389952;3,416,666,667;-0.0014450867052
1.25;0.00823316790499;1.25;0.00128577028616;3.5;-0.000570006422608;3.5;-0.000523843043528;3.5;-0.0014450867052
1,333,333,333;-0.0175298623142;1.25;0.0011617876765;3,583,333,333;-0.000762684649968;3,583,333,333;-0.000523843043528;3,583,333,333;-0.00127705336739
1,333,333,333;-0.00129962192817;1.25;0.0381241049456;3,666,666,667;-0.000473667308927;3,666,666,667;-0.000998575801725;3,666,666,667;-0.000520903347224
1,333,333,333;0.008390946384;1,333,333,333;0.00246177969424;3.75;-0.00102761721259;3.75;-0.000360142092426;3.75;-0.00142828337142
1,416,666,667;-0.0141902981672;1,333,333,333;0.00232746093052;3,833,333,333;-0.000457610789981;3,833,333,333;-0.000327401902205;3,833,333,333;1.68E+06
1,416,666,667;-0.00281338610586;1,333,333,333;0.0580899017004;3,916,666,667;-0.000369299935774;3,916,666,667;-0.000327401902205;3,916,666,667;-0.00183156338218
1,416,666,667;0.0132533922373;1,416,666,667;0.00139553116425;4.0;-0.000578034682081;4.0;-0.000900355231064;4.0;-8.40E+06
1.5;-0.0172563143977;1,416,666,667;0.00102190688602;4,083,333,333;-0.000505780346821;4,083,333,333;-0.000458362663087;4,083,333,333;-0.00047049334588
1.5;-0.00562677221172;1,416,666,667;0.0458406907387;4,166,666,667;-0.000618175979448;4,166,666,667;-0.000785764565292;4,166,666,667;0.00058811668235
1.5;0.0150965317422;1.5;0.00570756566053;4.25;-0.000634232498394;4.25;-0.00062206361419;4.25;-0.00127705336739
1,583,333,333;-0.0207212546731;1.5;0.00210598301226;4,333,333,333;-0.000722543352601;4,333,333,333;-0.000769394470182;4,333,333,333;-0.000201640005377
1,583,333,333;-0.00122577977316;1.5;0.0592856249044;4,416,666,667;-4.01E+06;4,416,666,667;-0.000703914089741;4,416,666,667;-0.00154590670789
1,583,333,333;0.0140781433776;1,583,333,333;-0.00233633869071;4.5;-0.000521836865768;4.5;-0.000425622472867;4.5;-0.000756150020164
1,666,666,667;-0.0223967356615;1,583,333,333;0.00158531562546;4,583,333,333;-0.000602119460501;4,583,333,333;-0.00130960760882;4,583,333,333;-0.00070574001882
1,666,666,667;0.00423115548204;1,583,333,333;0.0629145057909;4,666,666,667;-0.000497752087347;4,666,666,667;-0.000311031807095;4,666,666,667;-0.00260451673612
1,666,666,667;0.0155842106773;1,666,666,667;0.00149206176514;4.75;-0.000345215157354;4.75;-0.000687543994631;4.75;-0.00114262669714
1.75;-0.0228754445154;1,666,666,667;0.00672677381419;4,833,333,333;0.000232819524727;4,833,333,333;-0.000327401902205;4,833,333,333;1.68E+06
1.75;0.00542001417769;1,666,666,667;0.0793487479666;4,916,666,667;-0.000272960822094;4,916,666,667;-0.000949465516395;4,916,666,667;0.00178115338083
1.75;0.0189692762271;1.75;-4.27E+06;5.0;-0.000128452151574;5.0;0.000736654279961;5.0;-0.00115943003092
1,833,333,333;-0.0164014771587;1.75;0.00586436691494;5,083,333,333;4.01E+06;5,083,333,333;0.000769394470182;5,083,333,333;0.000974593359322
1,833,333,333;0.00595167769376;1.75;0.0720770824354;5,166,666,667;-0.000224791265254;5,166,666,667;0.000425622472867;5,166,666,667;0.00070574001882
1,833,333,333;0.0172695717031;1,833,333,333;0.000633349134682;5.25;0.000224791265254;5.25;0.000212811236433;5.25;0.00058811668235
1,916,666,667;-0.0203679219477;1,833,333,333;0.00758918071345;5,333,333,333;0.000513808606294;5,333,333,333;0.00163700951103;5,333,333,333;-0.00119303669848
1,916,666,667;0.00834416351607;1,833,333,333;0.104333801427;5,416,666,667;0.000401412973667;5,416,666,667;-0.000605693519079;5,416,666,667;-0.000504100013443
1,916,666,667;0.0160647178634;1,916,666,667;0.000384672173825;5.5;0.000810854206808;5.5;-6.55E+05;5.5;0.00283976340906
2.0;-0.0171993252485;1,916,666,667;0.00802822422579;5,583,333,333;0.000305073859987;5,583,333,333;-0.000720284184851;5,583,333,333;1.68E+06
2.0;0.0109581758034;1,916,666,667;0.0830749551604;5,666,666,667;0.000706486833654;5,666,666,667;-0.000818504755513;5,666,666,667;0.00154590670789
2.0;0.0199661493445;2.0;0.00105299150613;5.75;0.000642260757868;5.75;0.00119501694305;5.75;0.00011762333647
2,083,333,333;-0.0158543813258;2.0;0.00730693845551;5,833,333,333;0.000794797687861;5,833,333,333;-0.000703914089741;5,833,333,333;0.000403280010754
2,083,333,333;0.0135574196597;2.0;0.0291283733993;5,916,666,667;0.00116409762364;5,916,666,667;-0.000229181331544;5,916,666,667;0.00151230004033
2,083,333,333;0.0214650448951;2,083,333,333;0.0105056840455;6.0;0.000883108542068;6.0;0.000163700951103;6.0;0.00191558005108
2,166,666,667;-0.0150793288958;2,083,333,333;0.00388169193587;6,083,333,333;0.000850995504175;6,083,333,333;0.000949465516395;6,083,333,333;0.00082336335529
2,166,666,667;0.0197749291115;2,083,333,333;0.0319647400692;6,166,666,667;0.00103564547206;6,166,666,667;0.00106405618217;6,166,666,667;0.0032598467536
2,166,666,667;0.0220818153131;2,166,666,667;0.00283810270482;6.25;0.00117212588311;6.25;0.00116227675283;6.25;0.00120984003226
2.25;-0.0112268624054;2,166,666,667;0.0043246477724;6,333,333,333;0.000850995504175;6,333,333,333;-0.000491102853308;6,333,333,333;-0.000302460008066
2.25;0.0215914461248;2,166,666,667;0.0251379948;6,416,666,667;0.00125240847784;6,416,666,667;0.000343771997315;6,416,666,667;0.00446968678586
2.25;0.0287802289222;2.25;0.00685221481772;6.5;0.00142100192678;6.5;0.000491102853308;6.5;0.00272214007259
2,333,333,333;-0.0085711680496;2.25;0.00291029755753;6,583,333,333;0.0018384714194;6,583,333,333;0.00119501694305;6,583,333,333;0.000756150020164
2,333,333,333;0.0248552693762;2.25;0.0348845292883;6,666,666,667;0.00148522800257;6,666,666,667;0.00116227675283;6,666,666,667;0.000907380024197
2,333,333,333;0.0312688258412;2,333,333,333;0.00066738039292;6.75;0.00215157353886;6.75;0.00275017597852;6.75;0.00122664336604
2,416,666,667;0.000695267621045;2,333,333,333;0.00339210916919;6,833,333,333;0.00203917790623;6,833,333,333;0.00309394797584;6,833,333,333;0.00215082672402
2,416,666,667;0.0299946833648;2,333,333,333;0.0153038024304;6,916,666,667;0.00209537572254;6,916,666,667;0.000785764565292;6,916,666,667;0.000688936685038
2,416,666,667;0.0353782380447;2,416,666,667;0.014080752646;7.0;0.00224791265254;7.0;0.00279928626385;7.0;0.00137787337008
2.5;0.00319139235889;2,416,666,667;0.00436738912505;7,083,333,333;0.00249678869621;7,083,333,333;0.000818504755513;7,083,333,333;0.00250369673343
2.5;0.0329262169187;2,416,666,667;0.0337583248752;7,166,666,667;0.00246467565832;7,166,666,667;0.00368327139981;7,166,666,667;0.00157951337545
2.5;0.0415244269773;2.5;0.00384672173825;7.25;0.00251284521516;7.25;0.00212811236433;7.25;0.00112582336336
2,583,333,333;0.0064283760372;2.5;0.018878871031;7,333,333,333;0.00234425176622;7,333,333,333;0.00378149197047;7,333,333,333;0.00250369673343
2,583,333,333;0.0343366020794;2.5;0.0361219637668;7,416,666,667;0.00291425818882;7,416,666,667;0.0023900338861;7,416,666,667;0.00415042344401
2,583,333,333;0.0442496916148;2,583,333,333;0.0102609735411;7.5;0.00311496467566;7.5;0.00356868073404;7.5;0.00495698346552
2,666,666,667;0.0112040667457;2,583,333,333;0.0155546844375;7,583,333,333;0.00359666024406;7,583,333,333;0.0025537348372;7,583,333,333;0.00581395348837
2,666,666,667;0.0383609995274;2,583,333,333;0.00402157272635;7,666,666,667;0.00365285806037;7,666,666,667;0.00459999672598;7,666,666,667;0.00181476004839
2,666,666,667;0.0468315212714;2,666,666,667;0.00250231191862;7.75;0.00399807321773;7.75;0.00381423216069;7.75;0.00169713671192
2.75;0.0143384699553;2,666,666,667;0.0115248921991;7,833,333,333;0.00390976236352;7,833,333,333;0.00293024702474;7,833,333,333;0.00364632343057
2.75;0.0422894021739;2,666,666,667;0.0243037693088;7,916,666,667;0.00439948619139;7,916,666,667;0.00348683025848;7,916,666,667;0.00478895012771
2.75;0.0492412289509;2.75;0.00265384944164;8.0;0.00441554271034;8.0;0.00379786206558;8.0;0.00218443339158
2,833,333,333;0.0177350232516;2.75;0.011838494708;8,083,333,333;0.00465639049454;8,083,333,333;0.00409252377756;8,083,333,333;0.00446968678586
2,833,333,333;0.0488761224008;2.75;0.0438802608345;8,166,666,667;0.00480892742453;8,166,666,667;0.00514020986462;8,166,666,667;0.00371353676569
2,833,333,333;0.0513855819157;2,833,333,333;0.0167306938456;8.25;0.00476075786769;8.25;0.00474732758197;8.25;0.00322624008603
2,916,666,667;0.0220889942555;2,833,333,333;0.00630629230423;8,333,333,333;0.00421483622351;8,333,333,333;0.00630248661745;8,333,333,333;0.00278935340772
2,916,666,667;0.0540155363894;2,833,333,333;0.0624834892872;8,416,666,667;0.00478484264611;8,416,666,667;0.00568042300326;8,416,666,667;0.00514182013712
2,916,666,667;0.0556456008491;2,916,666,667;0.0196471971776;8.5;0.00529865125241;8.5;0.0046327369162;8.5;0.00423444011292
3.0;0.0284375854837;2,916,666,667;0.00570014221214;8,583,333,333;0.00498554913295;8,583,333,333;0.00720284184851;8,583,333,333;0.00320943675225
3.0;0.0542370628544;2,916,666,667;0.0229412010066;8,666,666,667;0.00549132947977;8,666,666,667;0.00864341021821;8,666,666,667;0.00435206344939
3.0;0.0610315843828;3.0;0.0237397099177;8.75;0.0058124598587;8.75;0.00890533173998;8.75;0.00413362011023
3,083,333,333;0.0342732743686;3.0;0.0355936209557;8,833,333,333;0.00621387283237;8,833,333,333;0.00816867746002;8,833,333,333;0.005612313483
3,083,333,333;0.0573162807183;3.0;0.0100442178721;8,916,666,667;0.00624598587026;8,916,666,667;0.00641707728322;8,916,666,667;0.00608280682887
3,083,333,333;0.0622794687168;3,083,333,333;0.0169658957272;9.0;0.00577231856134;9.0;0.00900355231064;9.0;0.00783035354214
3,166,666,667;0.0379775690708;3,083,333,333;0.0105376862163;9,083,333,333;0.00667148362235;9,083,333,333;0.00721921194362;9,083,333,333;0.00729264686114
3,166,666,667;0.0569101488658;3,083,333,333;0.046911280119;9,166,666,667;0.00604527938343;9,166,666,667;0.00962561592483;9,166,666,667;0.0064188735045
3,166,666,667;0.0671706015663;3,166,666,667;0.0169347774704;9.25;0.00684810533076;9.25;0.00803771669913;9.25;0.00798158354618
3.25;0.0435055165496;3,166,666,667;0.0217012936103;9,333,333,333;0.00699261400128;9,333,333,333;0.0073501727045;9,333,333,333;0.0054274768114
3.25;0.0631793478261;3,166,666,667;0.00915442062154;9,416,666,667;0.00732980089917;9,416,666,667;0.0095765056395;9,416,666,667;0.00616682349778
3.25;0.0716601164692;3.25;0.0233006664053;9.5;0.00712909441233;9.5;0.0106078216314;9.5;0.00648608683963
3,333,333,333;0.0470388438041;3.25;0.0134751828164;9,583,333,333;0.00749036608863;9,583,333,333;0.0107387823923;9,583,333,333;0.0077799435408
3,333,333,333;0.0659262759924;3.25;0.0561572793126;9,666,666,667;0.00782755298651;9,666,666,667;0.00908540278619;9,666,666,667;0.00640207017072
3,333,333,333;0.070699102097;3,333,333,333;0.0196785574285;9.75;0.00769107257547;9.75;0.00978931687593;9.75;0.00725904019357
3,416,666,667;0.0560203337285;3,333,333,333;0.0142911540942;9,833,333,333;0.00756262042389;9,833,333,333;0.0109679637239;9,833,333,333;0.0075951068692
3,416,666,667;0.0655866020794;3,333,333,333;0.0636375012166;9,916,666,667;0.00811657032755;9,916,666,667;0.0112298852456;9,916,666,667;0.00845207689206
3,416,666,667;0.0717390057087;3,416,666,667;0.0232222657781;10.0;0.0078917790623;10.0;0.0136362892268;10.0;0.00784715687592
3.5;0.058539254126;3,416,666,667;0.0119792354738;1,008,333,333;0.00899967886962;1,008,333,333;0.0101494589684;1,008,333,333;0.00620043016534
3.5;0.066435786862;3,416,666,667;0.0871904675834;1,016,666,667;0.00901573538857;1,016,666,667;0.0137345097975;1,016,666,667;0.0100147869337
3.5;0.075045182019;3.5;0.0307016856135;10.25;0.00826107899807;10.25;0.0116227675283;10.25;0.0102332302729
3,583,333,333;0.0564192577733;3.5;0.0160707485954;1,033,333,333;0.00898362235067;1,033,333,333;0.01633735492;1,033,333,333;0.00722543352601
3,583,333,333;0.074307360586;3.5;0.0686150466471;1,041,666,667;0.00911207450225;1,041,666,667;0.0114099562918;1,041,666,667;0.00897298023928
3,583,333,333;0.0774692331966;3,583,333,333;0.0340101920815;10.5;0.00870263326911;10.5;0.0134071078953;10.5;0.0103172469418
3,666,666,667;0.0754992249476;3,583,333,333;0.0421144835449;1,058,333,333;0.00958574181118;1,058,333,333;0.0125231227593;1,058,333,333;0.0114430703051
3,666,666,667;0.0777040997164;3,583,333,333;0.0141979002339;1,066,666,667;0.00974630700064;1,066,666,667;0.0124576423789;1,066,666,667;0.0107037236188
3,666,666,667;0.0797785363895;3,666,666,667;0.0376323010584;10.75;0.00871868978805;10.75;0.0159608427325;10.75;0.0102836402742
3.75;0.0672130026443;3,666,666,667;0.0142250992765;1,083,333,333;0.00973827874117;1,083,333,333;0.0132434069442;1,083,333,333;0.00934265358247
3.75;0.0804436436673;3,666,666,667;0.0714653170752;1,091,666,667;0.00942517662171;1,091,666,667;0.0153878894036;1,091,666,667;0.010149213604
3.75;0.084375627528;3.75;0.0382908663269;11.0;0.00935292228645;11.0;0.0178597737653;11.0;0.00855289689474
3,833,333,333;0.0736071851919;3.75;0.0413497768447;1,108,333,333;0.0104688503532;1,108,333,333;0.0164028353005;1,108,333,333;0.0115102836403
3,833,333,333;0.074277823724;3.75;0.0157171610416;1,116,666,667;0.00913615928067;1,116,666,667;0.0188256093768;1,116,666,667;0.0106701169512
3,833,333,333;0.0858028055882;3,833,333,333;0.0373186985496;11.25;0.0103163134232;11.25;0.0178270335751;11.25;0.0114766769727
3,916,666,667;0.0757613750342;3,833,333,333;0.0597722564409;1,133,333,333;0.0101798330122;1,133,333,333;0.0189729402328;1,133,333,333;0.0140979970426
3,916,666,667;0.085656899811;3,833,333,333;0.0194628577645;1,141,666,667;0.0116409762364;1,141,666,667;0.0211337927873;1,141,666,667;0.0111910202984
3,916,666,667;0.0903138357383;3,916,666,667;0.0430262642101;11.5;0.01158477842;11.5;0.0191857514692;11.5;0.0119639736524
4.0;0.0810955594055;3,916,666,667;0.0400011123007;1,158,333,333;0.0124036608863;1,158,333,333;0.0217067461162;1,158,333,333;0.0113422503025
4.0;0.0757768194707;3,916,666,667;0.0199640972638;1,166,666,667;0.0145150931278;1,166,666,667;0.0177124429093;1,166,666,667;0.0138291437021
4.0;0.0976577067615;4.0;0.0462093296746;11.75;0.016265253693;11.75;0.0196441141323;11.75;0.0141652103777
4,083,333,333;0.0826684599252;4.0;0.0582289392823;1,183,333,333;0.0170921644188;1,183,333,333;0.0203152880318;1,183,333,333;0.0132578303535
4,083,333,333;0.0905674031191;4.0;0.0204692223405;1,191,666,667;0.0197013487476;1,191,666,667;0.0200697366052;1,191,666,667;0.013913160371
4,083,333,333;0.10917553573;4,083,333,333;0.0492826342611;12.0;0.0220696852922;12.0;0.0232127948663;12.0;0.0145180803871
4,166,666,667;0.0844351235525;4,083,333,333;0.076011846002;1,208,333,333;0.0250561978163;1,208,333,333;0.0202498076514;1,208,333,333;0.0127873370077
4,166,666,667;0.105852729206;4,083,333,333;0.0217786619625;1,216,666,667;0.0268384714194;1,216,666,667;0.0216248956406;1,216,666,667;0.0135434870278
4,166,666,667;0.126351874695;4,166,666,667;0.0524970599765;12.25;0.0316795118818;12.25;0.0219195573526;12.25;0.0138123403683
4.25;0.089438770858;4,166,666,667;0.0805305674124;1,233,333,333;0.0348506743738;1,233,333,333;0.0218377068771;1,233,333,333;0.0143164403818
4.25;0.117202268431;4,166,666,667;0.0258507471966;1,241,666,667;0.0380700064226;1,241,666,667;0.0196277440372;1,241,666,667;0.0138291437021
4.25;0.148813792708;4.25;0.0522364195042;12.5;0.0413375080283;12.5;0.0215757853553;12.5;0.0147533270601
4,333,333,333;0.0924933892587;4.25;0.0596315170521;1,258,333,333;0.0451429030186;1,258,333,333;0.0239167089561;1,258,333,333;0.0134090603576
4,333,333,333;0.139583825614;4.25;0.0219573985281;1,266,666,667;0.0521355170199;1,266,666,667;0.0224106602059;1,266,666,667;0.0149213603979
4,333,333,333;0.167187813764;4,333,333,333;0.0590670325363;12.75;0.0569283879255;12.75;0.0263067428422;12.75;0.0150557870682
4,416,666,667;0.0987735935078;4,333,333,333;0.024393655629;1,283,333,333;0.0633349389852;1,283,333,333;0.0231309443908;1,283,333,333;0.0137787337008
4,416,666,667;0.159757502363;4,333,333,333;0.0878439442181;1,291,666,667;0.0655908798972;1,291,666,667;0.0264213335079;1,291,666,667;0.0165344804409
4,416,666,667;0.197509968731;4,416,666,667;0.0671579772638;13.0;0.0690269749518;13.0;0.0222305891597;13.0;0.0139803737061
4.5;0.0997424090453;4,416,666,667;0.0719241410953;1,308,333,333;0.0684890815671;1,308,333,333;0.0284184851114;1,308,333,333;0.0150389837344
4.5;0.180248700378;4,416,666,667;0.0263053597656;1,316,666,667;0.0811897880539;1,316,666,667;0.025095355804;1,316,666,667;0.0156607070843
4.5;0.226648785106;4.5;0.062861622893;13.25;0.0880138086063;13.25;0.0258647502742;13.25;0.014450867052
4,583,333,333;0.0987394000182;4.5;0.0730920567829;1,333,333,333;0.0964274245344;1,333,333,333;0.025537348372;1,333,333,333;0.0154086570776
4,583,333,333;0.203789579395;4.5;0.0235660276187;1,341,666,667;0.10289017341;1,341,666,667;0.0254718679916;1,341,666,667;0.0142156203791
4,583,333,333;0.249505149316;4,583,333,333;0.0623441787534;13.5;0.109312780989;13.5;0.0289095879647;13.5;0.0148037370614
4,666,666,667;0.113761739765;4,583,333,333;0.0247627854928;1,358,333,333;0.112467886962;1,358,333,333;0.0288768477745;1,358,333,333;0.0161816104315
4,666,666,667;0.243509274575;4,583,333,333;0.107225783129;1,366,666,667;0.115133269107;1,366,666,667;0.0337223959271;1,366,666,667;0.0167697271139
4,666,666,667;0.303264580166;4,666,666,667;0.0717992943944;13.75;0.124181117534;13.75;0.0318889452748;13.75;0.0171394004571
4.75;0.11802452813;4,666,666,667;0.0868845849033;1,383,333,333;0.138912973667;1,383,333,333;0.0327729304107;1,383,333,333;0.0190213738406
4.75;0.280120215028;4,666,666,667;0.0255709856156;1,391,666,667;0.139667630058;1,391,666,667;0.0330675921227;1,391,666,667;0.0200463772012
4.75;0.35037579965;4.75;0.081317130537;14.0;0.151758188825;14.0;0.0358341381963;14.0;0.0216090872429
4,833,333,333;0.129046229598;4.75;0.0243742277415;1,408,333,333;0.152087347463;1,408,333,333;0.0358013980061;1,408,333,333;0.020063180535
4,833,333,333;0.335989189509;4.75;0.0968396757644;1,416,666,667;0.1655507386;1,416,666,667;0.0381259515118;1,416,666,667;0.0201135905364
4,833,333,333;0.402055423277;4,833,333,333;0.0841395531164;14.25;0.162548169557;14.25;0.0434953427079;14.25;0.0201471972039
4,916,666,667;0.140945563965;4,833,333,333;0.0251319153566;1,433,333,333;0.169845857418;1,433,333,333;0.0496504984694;1,433,333,333;0.0198447371959
4,916,666,667;0.353201795841;4,833,333,333;0.100718824298;1,441,666,667;0.185613359024;1,441,666,667;0.0542832353856;1,441,666,667;0.0164672671058
4,916,666,667;0.464671964199;4,916,666,667;0.0853155625245;14.5;0.183477842004;14.5;0.0526462258746;14.5;0.0212562172335
5.0;0.15452037932;4,916,666,667;0.0261771357077;1,458,333,333;0.1951268465;1,458,333,333;0.0528754072061;1,458,333,333;0.0164168571044
5.0;0.396030245747;4,916,666,667;0.0973819223336;1,466,666,667;0.202071290944;1,466,666,667;0.05567469347;1,466,666,667;0.0213234305686
5.0;0.510972776041;5.0;0.0924656997256;14.75;0.21051701991;14.75;0.0627302044625;14.75;0.0205504772147
5,083,333,333;0.171400565332;5.0;0.0273233810741;1,483,333,333;0.226236351959;1,483,333,333;0.067264720808;1,483,333,333;0.0222812205942
5,083,333,333;0.428956462665;5.0;0.117737024318;1,491,666,667;0.234513487476;1,491,666,667;0.0776761012981;1,491,666,667;0.021138593897
5,083,333,333;0.583056025704;5,083,333,333;0.0961818894551;15.0;0.233887283237;15.0;0.0814903334588;15.0;0.0199791638661
5,166,666,667;0.187528494575;5,083,333,333;0.0287221889789;1,508,333,333;0.248916184971;1,508,333,333;0.0835693355378;1,508,333,333;0.0191221938433
5,166,666,667;0.475550862476;5,083,333,333;0.110201187381;1,516,666,667;0.238704238921;1,516,666,667;0.0838803673449;1,516,666,667;0.0223820405969
5,166,666,667;0.628374307926;5,166,666,667;0.0907252058016;15.25;0.245937700706;15.25;0.0882511827394;15.25;0.0202816238742
5.25;0.209606091;5,166,666,667;0.113843972026;1,533,333,333;0.25228002569;1,533,333,333;0.103000638434;1,533,333,333;0.0213402339024
5.25;0.522278178166;5,166,666,667;0.0378377538254;1,541,666,667;0.285717726397;1,541,666,667;0.100839785879;1,541,666,667;0.020987363893
5.25;0.681760807826;5.25;0.0946452371619;15.5;0.270456005138;15.5;0.106503838787;15.5;0.0210209705606
5,333,333,333;0.242488830127;5.25;0.115317770393;1,558,333,333;0.314555234425;1,558,333,333;0.117422692226;1,558,333,333;0.0249025406641
5,333,333,333;0.497902882798;5.25;0.0407247379178;1,566,666,667;0.287267180475;1,566,666,667;0.119714505541;1,566,666,667;0.0244320473182
5,333,333,333;0.69135660805;5,333,333,333;0.0949901999216;15.75;0.308742774566;15.75;0.117782834318;15.75;0.0232558139535
5,416,666,667;0.266230509711;5,333,333,333;0.088205441931;1,583,333,333;0.30731374438;1,583,333,333;0.139358619674;1,583,333,333;0.0218275305821
5,416,666,667;0.52844399811;5,333,333,333;0.0400408762754;1,591,666,667;0.319637122672;1,591,666,667;0.128979979374;1,591,666,667;0.0220795805888
5,416,666,667;0.789910783442;5,416,666,667;0.106985495884;16.0;0.33186416185;16.0;0.134251149999;16.0;0.0239783573061
5.5;0.30126743868;5,416,666,667;0.100260000278;1,608,333,333;0.335244059088;1,608,333,333;0.159182804852;1,608,333,333;0.0236927006318
5.5;0.554591505198;5,416,666,667;0.0478042601472;1,616,666,667;0.3454238921;1,616,666,667;0.169381374106;1,616,666,667;0.0232894206211
5.5;0.830646318024;5.5;0.102610740886;16.25;0.348868015414;16.25;0.172704503413;16.25;0.0229197472779
5,583,333,333;0.344146074587;5.5;0.120392642131;1,633,333,333;0.363543673732;1,633,333,333;0.161048995695;1,633,333,333;0.0263140207017
5,583,333,333;0.591446124764;5.5;0.0604945563059;1,641,666,667;0.357899807322;1,641,666,667;0.181282433251;1,641,666,667;0.0238103239683
5,583,333,333;0.868140222037;5,583,333,333;0.106562132497;16.5;0.380812459859;16.5;0.179006990031;16.5;0.0249025406641
5,666,666,667;0.392153733929;5,583,333,333;0.143278228105;1,658,333,333;0.390205523443;1,658,333,333;0.183688837232;1,658,333,333;0.0251041806694
5,666,666,667;0.621440808129;5,583,333,333;0.0681608007398;1,666,666,667;0.409489402697;1,666,666,667;0.202972809272;1,666,666,667;0.0260451673612
5,666,666,667;0.918464385094;5,666,666,667;0.115123480988;16.75;0.40213551702;16.75;0.211485258729;16.75;0.0272045973921
5.75;0.433311297529;5,666,666,667;0.107114553064;1,683,333,333;0.406567116249;1,683,333,333;0.223124396353;1,683,333,333;0.0305652641484
5.75;0.655747873346;5,666,666,667;0.0748051382877;1,691,666,667;0.443697816313;1,691,666,667;0.238004812808;1,691,666,667;0.03075010082
5.75;0.974468573396;5.75;0.115421403371;17.0;0.454447655748;17.0;0.205428323539;17.0;0.0275070574002
5,833,333,333;0.460768669645;5.75;0.113385148006;1,708,333,333;0.451453114965;1,708,333,333;0.237235418338;1,708,333,333;0.0301283774701
5,833,333,333;0.695615252836;5.75;0.0855876158873;1,716,666,667;0.447832369942;1,716,666,667;0.24429092933;1,716,666,667;0.0296074741229
5,833,333,333;0.999153733613;5,833,333,333;0.110074480596;17.25;0.464659601798;17.25;0.247450357687;17.25;0.0338755209033
5,916,666,667;0.484544542719;5,833,333,333;0.141985178594;1,733,333,333;0.468713872832;1,733,333,333;0.259940740256;1,733,333,333;0.0351525742707
5,916,666,667;0.741175862476;5,833,333,333;0.103247565686;1,741,666,667;0.473514771997;1,741,666,667;0.276769198029;1,741,666,667;0.0364296276381
5,916,666,667;0.999153733613;5,916,666,667;0.123010584085;17.5;0.499229287091;17.5;0.285903711101;17.5;0.0366312676435
6.0;0.549272818455;5,916,666,667;0.14722689543;1,758,333,333;0.508903339756;1,758,333,333;0.285674529769;1,758,333,333;0.0410001344267
6.0;0.760012996219;5,916,666,667;0.12486691897;1,766,666,667;0.509955041747;1,766,666,667;0.282285920081;1,766,666,667;0.0422603844603
6.0;109,004,130,927;6.0;0.124233633869;17.75;0.516947655748;17.75;0.286836806522;17.75;0.0411513644307
6,083,333,333;0.576274277378;6.0;0.133378752277;1,783,333,333;0.550345215157;1,783,333,333;0.313454581171;1,783,333,333;0.0478390912757
6,083,333,333;0.812234168242;6.0;0.136745129429;1,791,666,667;0.52575465639;1,791,666,667;0.32885884067;1,791,666,667;0.0477214679392
6,083,333,333;109,004,130,927;6,083,333,333;0.118823990592;18.0;0.578403982017;18.0;0.331625386743;18.0;0.0555182148138
6,166,666,667;0.662419075408;6,083,333,333;0.130820460771;1,808,333,333;0.538166345536;1,808,333,333;0.318381979799;1,808,333,333;0.0541403414437
6,166,666,667;0.843919836957;6,083,333,333;0.152726509741;1,816,666,667;0.572671804753;1,816,666,667;0.33923748097;1,816,666,667;0.0646928350585
6,166,666,667;105,459,852,549;6,166,666,667;0.127385339083;18.25;0.587780989082;18.25;0.340317907247;18.25;0.0596686382578
6.25;0.638141697821;6,166,666,667;0.150869680075;1,833,333,333;0.592557803468;1,833,333,333;0.36595347619;1,833,333,333;0.0634325850249
6.25;0.863687381853;6,166,666,667;0.172208795393;1,841,666,667;0.594227681439;1,841,666,667;0.359438178336;1,841,666,667;0.0662891517677
6.25;105,572,449,009;6.25;0.125817326539;18.5;0.603982016699;18.5;0.361386219654;18.5;0.0756654120177
6,333,333,333;0.661974560044;6.25;0.170765958038;1,858,333,333;0.58963551702;1,858,333,333;0.372894396516;1,858,333,333;0.0722039252588
6,333,333,333;0.845920959357;6.25;0.191220926166;1,866,666,667;0.605202312139;1,866,666,667;0.37415489384;1,866,666,667;0.0776818120715
6,333,333,333;105,572,449,009;6,333,333,333;0.116863974912;18.75;0.608831085421;18.75;0.390475878665;18.75;0.0782867320876
6,416,666,667;0.686787635634;6,333,333,333;0.157501772729;1,883,333,333;0.655290622993;1,883,333,333;0.387021788597;1,883,333,333;0.0838822422369
6,416,666,667;0.926179997637;6,333,333,333;0.199796395738;1,891,666,667;0.624373795761;1,891,666,667;0.402245977049;1,891,666,667;0.0922166957924
6,416,666,667;107,718,953,498;6,416,666,667;0.131760094081;19.0;0.644067116249;19.0;0.412804688395;19.0;0.0948212125286
6.5;0.724674022066;6,416,666,667;0.165746701333;1,908,333,333;0.68490687219;1,908,333,333;0.426571938383;1,908,333,333;0.101324102702
6.5;0.945762937146;6,416,666,667;0.236433506112;1,916,666,667;0.671531791908;1,916,666,667;0.442238119403;1,916,666,667;0.106331496169
6.5;10,793,410,597;6.5;0.136573892591;19.25;0.662411689146;19.25;0.427996136658;19.25;0.100164672671
6,583,333,333;0.750854837239;6.5;0.1752012569;1,933,333,333;0.687949582531;1,933,333,333;0.46404308609;1,933,333,333;0.107121252857
6,583,333,333;0.963078922495;6.5;0.249527902332;1,941,666,667;0.71219492614;1,941,666,667;0.449670142584;1,941,666,667;0.113573733029
6,583,333,333;10,474,052,612;6,583,333,333;0.142689141513;19.5;0.718312459859;19.5;0.451830995138;19.5;0.126461890039
6,666,666,667;0.795112610559;6,583,333,333;0.20156278242;1,958,333,333;0.731799935774;1,958,333,333;0.474290765629;1,958,333,333;0.123874176637
6,666,666,667;0.962067284972;6,583,333,333;0.280962224415;1,966,666,667;0.718272318561;1,966,666,667;0.478792541785;1,966,666,667;0.144760720527
6,666,666,667;104,858,859,979;6,666,666,667;0.149400235202;19.75;0.753010597303;19.75;0.462913549528;19.75;0.147197203925
6.75;0.793288957782;6,666,666,667;0.207054766903;1,983,333,333;0.715887925498;1,983,333,333;0.499304270958;1,983,333,333;0.145079983869
6.75;0.967066398866;6,666,666,667;0.306708061019;1,991,666,667;0.772615606936;1,991,666,667;0.48694484915;1,991,666,667;0.153027960747
6.75;105,626,954,302;6.75;0.150168561348;20.0;0.793497109827;20.0;0.500695729042;20.0;0.16574808442
6,833,333,333;0.804663991976;6.75;0.221208792737;2,008,333,333;0.777657353886;2,008,333,333;0.517049454057;2,008,333,333;0.160001344267
6,833,333,333;0.971452622873;6.75;0.315015425743;2,016,666,667;0.813680154143;2,016,666,667;0.522729877061;2,016,666,667;0.167092351122
6,833,333,333;104,644,424,682;6,833,333,333;0.161160329283;20.25;0.754937379576;20.25;0.534778267062;20.25;0.183038714881
6,916,666,667;0.812038387891;6,833,333,333;0.26157140275;2,033,333,333;0.778259473346;2,033,333,333;0.491151963593;2,033,333,333;0.174754671327
6,916,666,667;0.977869506144;6,833,333,333;0.342358234704;2,041,666,667;0.8188985228;2,041,666,667;0.546859397253;2,041,666,667;0.176552628041
6,916,666,667;106,146,906,107;6,916,666,667;0.162932183457;20.5;0.819580924855;20.5;0.529065103868;20.5;0.2012535287
7.0;0.828645025987;6,916,666,667;0.266701889521;2,058,333,333;0.804487797046;2,058,333,333;0.556337682322;2,058,333,333;0.192902271811
7.0;0.975299799149;6,916,666,667;0.359447004608;2,066,666,667;0.850939306358;2,066,666,667;0.545517049454;2,066,666,667;0.1987666353
7.0;104,257,867,409;7.0;0.171336730694;20.75;0.863599871548;20.75;0.563082161507;20.75;0.227937222745
7,083,333,333;0.846733381964;7.0;0.299723315212;2,083,333,333;0.860589274245;2,083,333,333;0.559988213532;2,083,333,333;0.222812205942
7,083,333,333;0.985231568998;7.0;0.376889362066;2,091,666,667;0.85578837508;2,091,666,667;0.58865225007;2,091,666,667;0.228424519425
7,083,333,333;105,971,198,256;7,083,333,333;0.184084672677;21.0;0.867092164419;21.0;0.592842994418;21.0;0.227769189407
7,166,666,667;0.854119175709;7,083,333,333;0.349540480792;2,108,333,333;0.867092164419;2,108,333,333;0.611423052368;2,108,333,333;0.246521709907
7,166,666,667;0.984219931474;7,083,333,333;0.400808977238;2,116,666,667;0.864137764933;2,116,666,667;0.620966817817;2,116,666,667;0.257729533539
7,166,666,667;105,459,852,549;7,166,666,667;0.195782046256;21.25;0.846355170199;21.25;0.596411675152;21.25;0.26275373034
7.25;0.875718063281;7,166,666,667;0.376054947652;2,133,333,333;0.858469813744;2,133,333,333;0.628447951283;2,133,333,333;0.286866514316
7.25;0.981834829868;7,166,666,667;0.407589309999;2,141,666,667;0.904327231856;2,141,666,667;0.630281401935;2,141,666,667;0.281035757494
7.25;105,572,449,009;7.25;0.213422187377;21.5;0.920351637765;21.5;0.641134774993;21.5;0.292159564458
7,333,333,333;0.917171970457;7.25;0.396924488689;2,158,333,333;0.920351637765;2,158,333,333;0.642820894789;2,158,333,333;0.272970157279
7,333,333,333;0.993605269376;7.25;0.427125993736;2,166,666,667;0.847302504817;2,166,666,667;0.632704176011;2,166,666,667;0.296898104584
7,333,333,333;105,572,449,009;7,333,333,333;0.23005880047;21.75;0.903612716763;21.75;0.636763959599;21.75;0.316154725097
7,416,666,667;0.897601896599;7,333,333,333;0.424161950975;2,183,333,333;0.961014771997;2,183,333,333;0.673924075499;2,183,333,333;0.323783438634
7,416,666,667;0.992637937146;7,333,333,333;0.44185621809;2,191,666,667;0.961014771997;2,191,666,667;0.650924091869;2,191,666,667;0.332621992203
7,416,666,667;107,718,953,498;7,416,666,667;0.242195217562;22.0;0.961014771997;22.0;0.683385990473;22.0;0.331412152171
7.5;0.906514999544;7,416,666,667;0.423077457837;2,208,333,333;0.961014771997;2,208,333,333;0.675970337388;2,208,333,333;0.340469149079
7.5;0.990068230151;7,416,666,667;0.453178790964;2,216,666,667;0.954953436095;2,216,666,667;0.69263509421;2,216,666,667;0.348467535959
7.5;10,793,410,597;7.5;0.271485691886;22.25;0.954953436095;22.25;0.689164634047;22.25;0.362128646323
7,583,333,333;0.959127382146;7.5;0.469974834198;2,233,333,333;0.961014771997;2,233,333,333;0.711820845679;2,233,333,333;0.343846619169
7,583,333,333;0.992615784499;7.5;0.493200239352;2,241,666,667;1.0;2,241,666,667;0.685399512171;2,241,666,667;0.377974190079
7,583,333,333;10,474,052,612;7,583,333,333;0.283606428851;22.5;1.0;22.5;0.717599489253;22.5;0.3662454631
7,666,666,667;0.947421810887;7,583,333,333;0.468987667366;2,258,333,333;1.0;2,258,333,333;0.705682060013;2,258,333,333;0.395768920554
7,666,666,667;0.991604146975;7,583,333,333;0.487434042322;2,266,666,667;1.0;2,266,666,667;0.744839327516;2,266,666,667;0.433626831563
7,666,666,667;104,858,859,979;7,666,666,667;0.315154841239;22.75;1.0;22.75;0.713097713098;22.75;0.39650826724
7.75;0.964689523115;7,666,666,667;0.492498922459;2,283,333,333;1.0;2,283,333,333;0.71496390394;2,283,333,333;0.40974929426
7.75;0.989219045369;7,666,666,667;0.51737630264;2,291,666,667;1.0;2,291,666,667;0.731432219621;2,291,666,667;0.441843661782
7.75;105,626,954,302;7.75;0.368796550372;23.0;1.0;23.0;0.759965295398;23.0;0.407296007528
7,833,333,333;0.948276648126;7.75;0.527021954034;2,308,333,333;1.0;2,308,333,333;0.749177402721;2,308,333,333;0.415647264417
7,833,333,333;0.986221053875;7.75;0.524156635401;;;2,316,666,667;0.735917625681;2,316,666,667;0.456378545503
7,833,333,333;104,644,424,682;7,833,333,333;0.377326538612;;;23.25;0.751207294514;23.25;0.434483801586
7,916,666,667;0.967254034832;7,833,333,333;0.556692574003;;;2,333,333,333;0.780591615237;2,333,333,333;0.459554375588
7,916,666,667;100,002,215,265;7,833,333,333;0.543693319138;;;2,341,666,667;0.758393766268;2,341,666,667;0.436399381637
7,916,666,667;106,146,906,107;7,916,666,667;0.39484123873;;;23.5;0.741794489826;23.5;0.520096787203
8.0;0.982219385429;7,916,666,667;0.564117180874;;;2,358,333,333;0.774632900617;2,358,333,333;0.49648810324
8.0;0.997452445652;7,916,666,667;0.558423543491;;;2,366,666,667;0.799695516231;2,366,666,667;0.506687726845
8.0;104,257,867,409;8.0;0.416589572717;;;23.75;0.772095535875;23.75;0.471535152574
8,083,333,333;0.989559587854;8.0;0.592161061135;;;2,383,333,333;0.780640725523;2,383,333,333;0.524364833983
8,083,333,333;1.0;8.0;0.608601891499;;;2,391,666,667;0.795373811122;2,391,666,667;0.553148944751
8,083,333,333;105,971,198,256;8,083,333,333;0.48158369267;;;24.0;0.7847332493;24.0;0.550813281355
8,166,666,667;102,942,919,668;8,083,333,333;0.624807085355;;;2,408,333,333;0.786795881284;2,408,333,333;0.581344938836
8,166,666,667;0.994875354442;8,083,333,333;0.609767564753;;;2,416,666,667;0.784078445496;2,416,666,667;0.576623202043
8,166,666,667;105,459,852,549;8,166,666,667;0.53031752254;;;24.25;0.79286918657;24.25;0.556139938164
8.25;0.991349047141;8,166,666,667;0.634748272458;;;2,433,333,333;0.834547448721;2,433,333,333;0.596921629251
8.25;0.992741316163;8,166,666,667;0.642857142857;;;2,441,666,667;0.843845662743;2,441,666,667;0.612363892996
8.25;105,572,449,009;8.25;0.533720109761;;;24.5;0.82551115622;24.5;0.604987229466
8,333,333,333;100,586,988,237;8.25;0.64538464747;;;2,458,333,333;0.833810794441;2,458,333,333;0.599341309316
8,333,333,333;0.989684250945;8.25;0.647457666633;;;2,466,666,667;0.839720398776;2,466,666,667;0.572657615271
8,333,333,333;105,459,852,549;8,333,333,333;0.563465307722;;;24.75;0.831175209128;24.75;0.662152170991
8,416,666,667;101,136,363,636;8,333,333,333;0.668548308608;;;2,483,333,333;0.858169495965;2,483,333,333;0.687474794999
8,416,666,667;0.985231568998;8,333,333,333;0.648623339887;;;2,491,666,667;0.879876242081;2,491,666,667;0.713318322355
8,416,666,667;105,572,449,009;8,416,666,667;0.585684045472;;;25.0;0.84040794277;25.0;0.642912353811
8.5;10,204,249,111;8,416,666,667;0.683328003559;;;2,508,333,333;0.858202236155;2,508,333,333;0.634275440247
8.5;0.984219931474;8,416,666,667;0.658399452911;;;2,516,666,667;0.863457036685;2,516,666,667;0.661480037639
8.5;105,572,449,009;8.5;0.615413563309;;;25.25;0.866501874376;25.25;0.726811399382
8,583,333,333;102,166,727,455;8.5;0.667547238018;;;2,533,333,333;0.818963118176;2,533,333,333;0.720073262535
8,583,333,333;0.981834829868;8.5;0.672799403175;;;2,541,666,667;0.79206705191;2,541,666,667;0.720829412555
8,583,333,333;107,718,953,498;8,583,333,333;0.648953351627;;;25.5;0.770687707696;25.5;0.698262535287
8,666,666,667;105,401,431,567;8,583,333,333;0.707367601463;;;2,558,333,333;0.895673383862;2,558,333,333;0.668419814491
8,666,666,667;0.993605269376;8,583,333,333;0.71843551107;;;2,566,666,667;0.888274100873;2,566,666,667;0.749176636645
8,666,666,667;10,793,410,597;8,666,666,667;0.696385731086;;;25.75;0.899962348781;25.75;0.783489044226
8.75;103,398,832,862;8,666,666,667;0.726443557694;;;2,583,333,333;0.861787286984;2,583,333,333;0.74813482995
8.75;0.992637937146;8,666,666,667;0.699116419673;;;2,591,666,667;0.865257747148;2,591,666,667;0.72813886275
8.75;10,474,052,612;8.75;0.708867110937;;;26.0;0.901844909719;26.0;0.787034547654
8,833,333,333;107,318,546,549;8.75;0.711858515357;;;2,608,333,333;0.88346129291;2,608,333,333;0.761795940315
8,833,333,333;0.990068230151;8.75;0.752702419161;;;2,616,666,667;0.923207883838;2,616,666,667;0.844283505848
8,833,333,333;104,858,859,979;8,833,333,333;0.718463347707;;;26.25;0.892055592843;26.25;0.759258636914
8,916,666,667;106,204,978,572;8,833,333,333;0.760591187798;;;2,633,333,333;0.883952395763;2,633,333,333;0.733011829547
8,916,666,667;0.992615784499;8,833,333,333;0.764024992035;;;2,641,666,667;0.904791526839;2,641,666,667;0.836940448985
8,916,666,667;105,626,954,302;8,916,666,667;0.718667189338;;;26.5;0.923273364218;26.5;0.789336604382
9.0;106,201,559,223;8,916,666,667;0.74892593468;;;2,658,333,333;0.909833516133;2,658,333,333;0.861943809652
9.0;0.991604146975;8,916,666,667;0.765190665289;;;2,666,666,667;0.921931016419;2,666,666,667;0.878192633418
9.0;104,644,424,682;9.0;0.759184633477;;;26.75;0.881971614255;26.75;0.828589192096
9,083,333,333;103,296,252,394;9.0;0.760090652503;;;2,683,333,333;0.922995072601;2,683,333,333;0.865455706412
9,083,333,333;0.989219045369;9.0;0.771796147061;;;2,691,666,667;0.921750945373;2,691,666,667;0.796293184568
9,083,333,333;106,146,906,107;9,083,333,333;0.788678949432;;;27.0;0.917969453403;27.0;0.871840973249
9,166,666,667;1,081,323,516;9,083,333,333;0.768766597611;;;2,708,333,333;0.96136657554;2,708,333,333;0.878343863423
9,166,666,667;0.986221053875;9,083,333,333;0.842902215556;;;2,716,666,667;0.894101854732;2,716,666,667;0.889215620379
9,166,666,667;104,257,867,409;9,166,666,667;0.789039592317;;;27.25;0.938595773241;27.25;0.867404893131
9.25;104,807,604,632;9,166,666,667;0.777567676543;;;2,733,333,333;0.906363055969;2,733,333,333;0.859473719586
9.25;100,002,215,265;9,166,666,667;0.813822553446;;;2,741,666,667;0.936844173065;2,741,666,667;0.867085629789
9.25;105,971,198,256;9.25;0.789729517836;;;27.5;0.857940314633;27.5;0.904674687458
9,333,333,333;107,231,923,042;9.25;0.789691753681;;;2,758,333,333;0.968684008054;2,758,333,333;0.991900793117
9,333,333,333;0.997452445652;9.25;0.828222503711;;;2,766,666,667;0.982074745854;2,766,666,667;0.972593762603
9,333,333,333;104,268,625,032;9,333,333,333;0.822328498628;;;27.75;0.999787188764;27.75;0.986086839629
9,416,666,667;108,444,652,138;9,333,333,333;0.777887462981;;;2,783,333,333;0.994728829374;2,783,333,333;105,729,936,819
9,416,666,667;1.0;9,333,333,333;0.873858611605;;;2,791,666,667;0.972809272022;2,791,666,667;0.958462158892
9,416,666,667;102,149,373,189;9,416,666,667;0.815758526068;;;28.0;102,203,414,802;28.0;1,025,020,164
9.5;10,816,654,509;9,416,666,667;0.799118501731;;;2,808,333,333;1.0;2,808,333,333;1.0
9.5;0.994875354442;9,416,666,667;0.854539520209;;;;;;
9.5;106,608,766,746;9.5;0.812402979224;;;;;;
9,583,333,333;108,490,243,458;9.5;0.781224364946;;;;;;
9,583,333,333;0.992741316163;9.5;0.869269744562;;;;;;
9,583,333,333;101,540,491,695;9,583,333,333;0.847306938456;;;;;;
9,666,666,667;110,325,294,064;9,583,333,333;0.80249711497;;;;;;
9,666,666,667;0.989684250945;9,583,333,333;0.849507697329;;;;;;
9,666,666,667;0.988804899739;9,666,666,667;0.885174441396;;;;;;
9.75;107,776,739,309;9,666,666,667;0.839119614032;;;;;;
9.75;0.985231568998;9,666,666,667;0.920613765824;;;;;;
9.75;102,361,656,961;9.75;0.867346138769;;;;;;
9,833,333,333;107,098,568,433;9.75;0.850812674666;;;;;;
9,833,333,333;0.984219931474;9.75;0.891534103714;;;;;;
9,833,333,333;103,368,570,527;9,833,333,333;0.905323402587;;;;;;
9,916,666,667;109,192,349,777;9,833,333,333;0.867121783018;;;;;;
9,916,666,667;0.981834829868;9,833,333,333;0.905934053978;;;;;;
9,916,666,667;10,488,539,545;9,916,666,667;0.908208545668;;;;;;
10.0;111,987,097,657;9,916,666,667;0.862477927784;;;;;;
10.0;0.993605269376;9,916,666,667;0.912714386739;;;;;;
10.0;100,623,224,992;10.0;0.888639749118;;;;;;
1,008,333,333;109,873,940,002;10.0;0.864132475008;;;;;;
1,008,333,333;0.992637937146;10.0;0.893395295343;;;;;;
1,008,333,333;10,259,115,293;1,008,333,333;0.91164249314;;;;;;
1,016,666,667;109,610,650,132;1,008,333,333;0.874991310151;;;;;;
1,016,666,667;0.990068230151;1,008,333,333;0.908125519696;;;;;;
1,016,666,667;10,183,955,363;1,016,666,667;0.944664837319;;;;;;
10.25;112,151,226,406;1,016,666,667;0.891467263601;;;;;;
10.25;0.992615784499;1,016,666,667;0.959469540958;;;;;;
10.25;104,325,999,025;10.25;0.951328890631;;;;;;
1,033,333,333;109,356,478,526;10.25;0.885280091209;;;;;;
1,033,333,333;0.991604146975;10.25;0.927219247597;;;;;;
1,033,333,333;106,094,552,339;1,033,333,333;0.888921991376;;;;;;
1,041,666,667;109,546,822,285;1,033,333,333;0.900602032729;;;;;;
1,041,666,667;0.989219045369;1,033,333,333;0.959469540958;;;;;;
1,041,666,667;104,361,140,595;1,041,666,667;0.981920815367;;;;;;
10.5;11,086,213,185;1,041,666,667;0.891216995954;;;;;;
10.5;0.986221053875;1,041,666,667;0.930389878848;;;;;;
10.5;104,385,524,542;10.5;0.94809878479;;;;;;
1,058,333,333;110,607,960,244;10.5;0.916341086996;;;;;;
1,058,333,333;100,002,215,265;10.5;0.944789829112;;;;;;
1,058,333,333;102,314,323,417;1,058,333,333;0.953822030576;;;;;;
1,066,666,667;108,965,532,963;1,058,333,333;0.894567801677;;;;;;
1,066,666,667;0.997452445652;1,058,333,333;0.951570161873;;;;;;
1,066,666,667;0.971226942827;1,066,666,667;102,584,084,673;;;;;;
10.75;105,786,678,216;1,066,666,667;0.922319703016;;;;;;
10.75;0.962169023782;1,066,666,667;0.932251070477;;;;;;
10.75;1.0;10.75;101,194,825,559;;;;;;
1,083,333,333;106,926,461,202;10.75;0.940964642743;;;;;;
1,083,333,333;0.994875354442;10.75;0.94698129483;;;;;;
1,083,333,333;103,265,297,341;1,083,333,333;0.929355004658;;;;;;
1,091,666,667;107,492,933,345;1,083,333,333;105,177,577,421;;;;;;
1,091,666,667;0.992741316163;1,083,333,333;0.959469540958;;;;;;
1,091,666,667;0.99992111076;1,091,666,667;102,883,575,069;;;;;;
11.0;106,015,774,597;1,091,666,667;0.913921833071;;;;;;
11.0;0.989684250945;1,091,666,667;0.966075022731;;;;;;
11.0;100,805,387,418;11.0;102,838,102,705;;;;;;
1,108,333,333;108,860,672,928;11.0;0.961027765805;;;;;;
1,108,333,333;0.985231568998;11.0;0.998325316092;;;;;;
1,108,333,333;102,282,050,546;1,108,333,333;106,102,704,822;;;;;;
1,116,666,667;105,611,151,637;1,108,333,333;0.946442723468;;;;;;
1,116,666,667;0.984219931474;1,108,333,333;0.969245653982;;;;;;
1,116,666,667;0.992907140193;1,116,666,667;0.909973165747;;;;;;
11.25;106,527,537,157;1,116,666,667;10,682,869,463;;;;;;
11.25;0.981834829868;1,116,666,667;0.983645604246;;;;;;
11.25;100,233,081,844;11.25;106,063,504,508;;;;;;
1,133,333,333;109,587,854,473;11.25;0.985484476454;;;;;;
1,133,333,333;0.993605269376;11.25;0.990425937007;;;;;;
1,133,333,333;0.99368168909;1,133,333,333;106,623,284,986;;;;;;
1,141,666,667;106,740,676,575;1,133,333,333;0.968438468918;;;;;;
1,141,666,667;0.992637937146;1,133,333,333;0.97110684561;;;;;;
1,141,666,667;1.0;1,141,666,667;10,035,750,686;;;;;;
11.5;106,904,805,325;1,141,666,667;0.974125106016;;;;;;
11.5;0.990068230151;1,141,666,667;0.985837069964;;;;;;
11.5;105,459,852,549;11.5;109,332,810,662;;;;;;
1,158,333,333;107,426,825,932;11.5;0.982356130862;;;;;;
1,158,333,333;0.992615784499;11.5;0.959469540958;;;;;;
1,158,333,333;105,572,449,009;1,158,333,333;101,412,779,302;;;;;;
1,166,666,667;108,095,878,545;1,158,333,333;0.965602102248;;;;;;
1,166,666,667;0.991604146975;1,158,333,333;1.0;;;;;;
1,166,666,667;105,572,449,009;1,166,666,667;108,987,847,903;;;;;;
11.75;107,540,804,231;1,166,666,667;0.989447047537;;;;;;
11.75;0.989219045369;1,166,666,667;1.0;;;;;;
11.75;107,718,953,498;11.75;109,285,770,286;;;;;;
1,183,333,333;104,858,894,866;11.75;100,240,535,017;;;;;;
1,183,333,333;0.986221053875;11.75;1.0;;;;;;
1,183,333,333;10,793,410,597;1,183,333,333;0.968021356173;;;;;;
1,191,666,667;107,774,459,743;1,183,333,333;109,459,819,679;;;;;;
1,191,666,667;100,002,215,265;1,183,333,333;1.0;;;;;;
1,191,666,667;10,474,052,612;1,191,666,667;106,468,051,744;;;;;;
12.0;107,765,341,479;1,191,666,667;0.996023525159;;;;;;
12.0;0.997452445652;1,191,666,667;1.0;;;;;;
12.0;104,858,859,979;12.0;108,094,080,753;;;;;;
1,208,333,333;107,641,105,134;12.0;102,045,242,829;;;;;;
1,208,333,333;1.0;12.0;1.0;;;;;;
1,208,333,333;105,626,954,302;1,208,333,333;10,656,370,051;;;;;;
1,216,666,667;103,410,230,692;1,208,333,333;0.9937155013;;;;;;
1,216,666,667;0.994875354442;1,208,333,333;1.0;;;;;;
1,216,666,667;104,644,424,682;1,216,666,667;10,888,122,305;;;;;;
12.25;107,341,342,208;1,216,666,667;100,717,433,922;;;;;;
12.25;0.992741316163;1,216,666,667;1.0;;;;;;
12.25;106,146,906,107;12.25;108,177,185,417;;;;;;
1,233,333,333;106,015,774,597;12.25;0.994480208;;;;;;
1,233,333,333;0.989684250945;12.25;1.0;;;;;;
1,233,333,333;104,257,867,409;1,233,333,333;10,659,506,076;;;;;;
1,241,666,667;106,331,494,483;1,233,333,333;0.996204274015;;;;;;
1,241,666,667;0.985231568998;1,233,333,333;1.0;;;;;;
1,241,666,667;105,971,198,256;1,241,666,667;107,529,596,237;;;;;;
12.5;107,389,213,094;1,241,666,667;0.991921916494;;;;;;
12.5;0.984219931474;1,241,666,667;1.0;;;;;;
12.5;104,268,625,032;12.5;105,541,356,331;;;;;;
1,258,333,333;106,619,859,579;12.5;100,828,663,988;;;;;;
1,258,333,333;0.981834829868;12.5;1.0;;;;;;
1,258,333,333;102,149,373,189;1,258,333,333;10,718,620,149;;;;;;
1,266,666,667;10,599,411,872;1,258,333,333;0.998706950489;;;;;;
1,266,666,667;0.993605269376;1,258,333,333;1.0;;;;;;
1,266,666,667;106,608,766,746;1,266,666,667;107,793,022,344;;;;;;
12.75;10,425,708,945;1,266,666,667;0.98574864786;;;;;;
12.75;0.992637937146;1,266,666,667;1.0;;;;;;
12.75;101,540,491,695;12.75;107,965,503,724;;;;;;
1,283,333,333;103,779,520,379;12.75;100,741,070,311;;;;;;
1,283,333,333;0.990068230151;12.75;1.0;;;;;;
1,283,333,333;0.988804899739;1,283,333,333;104,426,499,412;;;;;;
1,291,666,667;104,400,702,106;1,283,333,333;101,245,776,733;;;;;;
1,291,666,667;0.992615784499;1,283,333,333;1.0;;;;;;
1,291,666,667;102,361,656,961;1,291,666,667;104,355,938,848;;;;;;
13.0;101,494,255,494;1,291,666,667;0.996955076957;;;;;;
13.0;0.991604146975;1,291,666,667;1.0;;;;;;
13.0;103,368,570,527;13.0;100,842,022,736;;;;;;
1,308,333,333;101,249,202,152;13.0;0.966603172838;;;;;;
1,308,333,333;0.989219045369;13.0;1.0;;;;;;
1,308,333,333;10,488,539,545;1,308,333,333;104,551,940,416;;;;;;
1,316,666,667;106,260,827,938;1,308,333,333;0.971372161895;;;;;;
1,316,666,667;0.986221053875;1,308,333,333;1.0;;;;;;
1,316,666,667;100,623,224,992;1,316,666,667;104,697,765,582;;;;;;
13.25;104,105,498,313;1,316,666,667;0.995258818459;;;;;;
13.25;100,002,215,265;1,316,666,667;1.0;;;;;;
13.25;10,259,115,293;13.25;104,741,669,933;;;;;;
1,333,333,333;105,046,959,059;13.25;0.964879106823;;;;;;
1,333,333,333;0.997452445652;13.25;1.0;;;;;;
1,333,333,333;10,183,955,363;1,333,333,333;103,590,748,726;;;;;;
1,341,666,667;105,979,301,541;1,333,333,333;0.995842776302;;;;;;
1,341,666,667;1.0;1,333,333,333;1.0;;;;;;
1,341,666,667;104,325,999,025;1,341,666,667;10,374,754,998;;;;;;
13.5;105,370,657,427;1,341,666,667;0.979992491971;;;;;;
13.5;0.994875354442;1,341,666,667;1.0;;;;;;
13.5;106,094,552,339;13.5;1.0;;;;;;
1,358,333,333;106,326,935,352;13.5;0.983079126288;;;;;;
1,358,333,333;0.992741316163;13.5;1.0;;;;;;
1,358,333,333;104,361,140,595;1,358,333,333;0.994035287738;;;;;;
1,366,666,667;103,433,026,352;1,358,333,333;1.0;;;;;;
1,366,666,667;0.989684250945;1,366,666,667;0.964183918913;;;;;;
1,366,666,667;104,385,524,542;1,366,666,667;1.0;;;;;;
13.75;106,462,569,527;13.75;0.993826731365;;;;;;
13.75;0.985231568998;13.75;1.0;;;;;;
13.75;102,314,323,417;1,383,333,333;0.985998915507;;;;;;
1,383,333,333;104,568,250,205;1,383,333,333;1.0;;;;;;
1,383,333,333;0.984219931474;1,391,666,667;100,105,668,562;;;;;;
1,383,333,333;0.971226942827;1,391,666,667;1.0;;;;;;
1,391,666,667;104,522,658,886;14.0;101,454,333,106;;;;;;
1,391,666,667;0.981834829868;14.0;1.0;;;;;;
1,391,666,667;0.962169023782;1,408,333,333;100,981,605,328;;;;;;
14.0;105,105,087,991;1,408,333,333;1.0;;;;;;
14.0;0.993605269376;1,416,666,667;0.97754543053;;;;;;
14.0;103,265,297,341;1,416,666,667;1.0;;;;;;
1,408,333,333;102,842,618,765;14.25;0.975807460757;;;;;;
1,408,333,333;0.992637937146;14.25;1.0;;;;;;
1,408,333,333;0.99992111076;1,433,333,333;0.972275906177;;;;;;
1,416,666,667;101,430,427,647;1,433,333,333;1.0;;;;;;
1,416,666,667;0.990068230151;1,441,666,667;0.984205330701;;;;;;
1,416,666,667;100,805,387,418;1,441,666,667;1.0;;;;;;
14.25;105,736,527,765;14.5;0.966992478067;;;;;;
14.25;0.992615784499;14.5;1.0;;;;;;
14.25;102,282,050,546;1,458,333,333;0.97034328379;;;;;;
1,433,333,333;102,557,673,019;1,458,333,333;1.0;;;;;;
1,433,333,333;0.991604146975;1,466,666,667;0.963071618258;;;;;;
1,433,333,333;0.992907140193;1,466,666,667;1.0;;;;;;
1,441,666,667;103,403,391,994;14.75;100,300,321,177;;;;;;
1,441,666,667;0.989219045369;14.75;1.0;;;;;;
1,441,666,667;100,233,081,844;1,483,333,333;100,656,257,386;;;;;;
14.5;102,598,705,207;1,483,333,333;1.0;;;;;;
14.5;0.986221053875;1,491,666,667;0.976419226117;;;;;;
14.5;0.99368168909;1,491,666,667;1.0;;;;;;
1,458,333,333;104,290,143,157;15.0;0.957676960082;;;;;;
1,458,333,333;100,002,215,265;15.0;1.0;;;;;;
1,458,333,333;1.0;1,508,333,333;0.971219220555;;;;;;
1,466,666,667;10,207,326,525;1,508,333,333;1.0;;;;;;
1,466,666,667;0.997452445652;1,516,666,667;0.957899420213;;;;;;
1,466,666,667;105,459,852,549;1,516,666,667;1.0;;;;;;
14.75;103,769,262,332;15.25;0.987013889854;;;;;;
14.75;1.0;15.25;1.0;;;;;;
14.75;105,572,449,009;1,533,333,333;0.961152899629;;;;;;
1,483,333,333;10,069,868,697;1,533,333,333;1.0;;;;;;
1,483,333,333;0.994875354442;1,541,666,667;101,334,760,786;;;;;;
1,483,333,333;105,572,449,009;1,541,666,667;1.0;;;;;;
1,491,666,667;105,347,861,767;15.5;0.994952935779;;;;;;
1,491,666,667;0.992741316163;15.5;1.0;;;;;;
1,491,666,667;107,718,953,498;1,558,333,333;0.981035273835;;;;;;
15.0;101,821,373,211;1,558,333,333;1.0;;;;;;
15.0;0.989684250945;1,566,666,667;0.975710134449;;;;;;
15.0;10,793,410,597;1,566,666,667;1.0;;;;;;
1,508,333,333;102,002,598,705;15.75;0.972456655034;;;;;;
1,508,333,333;0.985231568998;15.75;1.0;;;;;;
1,508,333,333;10,474,052,612;1,583,333,333;0.936932552869;;;;;;
1,516,666,667;103,627,929,242;1,583,333,333;1.0;;;;;;
1,516,666,667;0.984219931474;1,591,666,667;0.949279090138;;;;;;
1,516,666,667;104,858,859,979;1,591,666,667;1.0;;;;;;
15.25;0.996945381599;16.0;0.981104792625;;;;;;
15.25;0.981834829868;16.0;1.0;;;;;;
15.25;105,626,954,302;1,608,333,333;0.96183418378;;;;;;
1,533,333,333;101,851,007,568;1,608,333,333;1.0;;;;;;
1,533,333,333;0.993605269376;1,616,666,667;0.932997789302;;;;;;
1,533,333,333;104,644,424,682;1,616,666,667;1.0;;;;;;
1,541,666,667;103,590,316,404;16.25;0.999568983496;;;;;;
1,541,666,667;0.992637937146;16.25;1.0;;;;;;
1,541,666,667;106,146,906,107;1,633,333,333;0.97217857987;;;;;;
15.5;102,852,876,812;1,633,333,333;1.0;;;;;;
15.5;0.990068230151;1,641,666,667;0.985720840343;;;;;;
15.5;104,257,867,409;1,641,666,667;1.0;;;;;;
1,558,333,333;101,874,943,011;16.5;0.962946484435;;;;;;
1,558,333,333;0.992615784499;16.5;1.0;;;;;;
1,558,333,333;105,971,198,256;1,658,333,333;102,041,071,702;;;;;;
1,566,666,667;101,368,879,365;1,658,333,333;1.0;;;;;;
1,566,666,667;0.991604146975;1,666,666,667;0.967409590812;;;;;;
1,566,666,667;104,268,625,032;1,666,666,667;1.0;;;;;;
15.75;100,539,117,352;16.75;0.996955076957;;;;;;
15.75;0.989219045369;16.75;1.0;;;;;;
15.75;102,149,373,189;1,683,333,333;0.932705810381;;;;;;
1,583,333,333;101,593,416,613;1,683,333,333;1.0;;;;;;
1,583,333,333;0.986221053875;1,691,666,667;0.947137911377;;;;;;
1,583,333,333;106,608,766,746;1,691,666,667;1.0;;;;;;
1,591,666,667;1.0;17.0;0.971441680686;;;;;;
1,591,666,667;100,002,215,265;17.0;1.0;;;;;;
1,591,666,667;101,540,491,695;1,708,333,333;0.978073773341;;;;;;
16.0;0.997452445652;1,708,333,333;1.0;;;;;;
16.0;0.988804899739;1,716,666,667;0.972957190329;;;;;;
1,608,333,333;1.0;1,716,666,667;1.0;;;;;;
1,608,333,333;102,361,656,961;17.25;0.984775384787;;;;;;
1,616,666,667;0.994875354442;17.25;1.0;;;;;;
1,616,666,667;103,368,570,527;1,733,333,333;0.929772117403;;;;;;
16.25;0.992741316163;1,733,333,333;1.0;;;;;;
16.25;10,488,539,545;1,741,666,667;0.960249155347;;;;;;
1,633,333,333;0.989684250945;1,741,666,667;1.0;;;;;;
1,633,333,333;100,623,224,992;17.5;0.978643827427;;;;;;
1,641,666,667;0.985231568998;17.5;1.0;;;;;;
1,641,666,667;10,259,115,293;1,758,333,333;0.949598876576;;;;;;
16.5;0.984219931474;1,758,333,333;1.0;;;;;;
16.5;10,183,955,363;1,766,666,667;101,726,846,767;;;;;;
1,658,333,333;0.981834829868;1,766,666,667;1.0;;;;;;
1,658,333,333;104,325,999,025;17.75;0.965032048163;;;;;;
1,666,666,667;0.993605269376;17.75;1.0;;;;;;
1,666,666,667;106,094,552,339;1,783,333,333;0.964906914339;;;;;;
16.75;0.992637937146;1,783,333,333;1.0;;;;;;
16.75;104,361,140,595;1,791,666,667;0.944065180818;;;;;;
1,683,333,333;0.990068230151;1,791,666,667;1.0;;;;;;
1,683,333,333;104,385,524,542;18.0;0.999763636111;;;;;;
1,691,666,667;0.992615784499;18.0;1.0;;;;;;
1,691,666,667;102,314,323,417;1,808,333,333;0.967687665976;;;;;;
17.0;0.991604146975;1,808,333,333;1.0;;;;;;
17.0;0.971226942827;1,816,666,667;0.954145405503;;;;;;
1,708,333,333;0.989219045369;1,816,666,667;1.0;;;;;;
1,708,333,333;0.962169023782;18.25;0.97547377056;;;;;;
1,716,666,667;0.986221053875;18.25;1.0;;;;;;
1,716,666,667;103,265,297,341;1,833,333,333;0.980187144585;;;;;;
17.25;100,002,215,265;1,833,333,333;1.0;;;;;;
17.25;0.99992111076;1,841,666,667;0.973999972192;;;;;;
1,733,333,333;0.997452445652;1,841,666,667;1.0;;;;;;
1,733,333,333;100,805,387,418;18.5;0.960457711719;;;;;;
1,741,666,667;1.0;18.5;1.0;;;;;;
1,741,666,667;102,282,050,546;1,858,333,333;0.961931510087;;;;;;
17.5;0.994875354442;1,858,333,333;1.0;;;;;;
17.5;0.992907140193;1,866,666,667;0.971038471699;;;;;;
1,758,333,333;0.992741316163;1,866,666,667;1.0;;;;;;
1,758,333,333;100,233,081,844;18.75;0.979450245401;;;;;;
1,766,666,667;0.989684250945;18.75;1.0;;;;;;
1,766,666,667;0.99368168909;1,883,333,333;0.988153998026;;;;;;
17.75;0.985231568998;1,883,333,333;1.0;;;;;;
17.75;1.0;1,891,666,667;0.945789246833;;;;;;
1,783,333,333;0.984219931474;1,891,666,667;1.0;;;;;;
1,783,333,333;104,644,424,682;19.0;0.96451760911;;;;;;
1,791,666,667;0.981834829868;19.0;1.0;;;;;;
1,791,666,667;106,146,906,107;1,908,333,333;0.975376444253;;;;;;
18.0;0.993605269376;1,908,333,333;1.0;;;;;;
18.0;104,257,867,409;1,916,666,667;0.94627587837;;;;;;
1,808,333,333;0.992637937146;1,916,666,667;1.0;;;;;;
1,808,333,333;105,971,198,256;19.25;0.94688764373;;;;;;
1,816,666,667;0.990068230151;19.25;1.0;;;;;;
1,816,666,667;105,459,852,549;1,933,333,333;0.940769990128;;;;;;
18.25;0.992615784499;1,933,333,333;1.0;;;;;;
18.25;105,572,449,009;1,941,666,667;0.99417432532;;;;;;
1,833,333,333;0.991604146975;1,941,666,667;1.0;;;;;;
1,833,333,333;105,572,449,009;19.5;0.966311193916;;;;;;
1,841,666,667;0.989219045369;19.5;1.0;;;;;;
1,841,666,667;107,718,953,498;1,958,333,333;0.978741153734;;;;;;
18.5;0.986221053875;1,958,333,333;1.0;;;;;;
18.5;10,793,410,597;1,966,666,667;0.988710148353;;;;;;
1,858,333,333;100,002,215,265;1,966,666,667;1.0;;;;;;
1,858,333,333;10,474,052,612;19.75;100,892,621,276;;;;;;
1,866,666,667;0.997452445652;19.75;1.0;;;;;;
1,866,666,667;104,858,859,979;1,983,333,333;0.996788231859;;;;;;
18.75;1.0;1,983,333,333;1.0;;;;;;
18.75;105,626,954,302;1,991,666,667;0.985762551618;;;;;;
1,883,333,333;0.994875354442;1,991,666,667;1.0;;;;;;
1,883,333,333;104,644,424,682;20.0;100,647,915,131;;;;;;
1,891,666,667;0.992741316163;20.0;1.0;;;;;;
1,891,666,667;106,146,906,107;2,008,333,333;0.991699456363;;;;;;
19.0;0.989684250945;2,008,333,333;1.0;;;;;;
19.0;104,257,867,409;2,016,666,667;0.995981813884;;;;;;
1,908,333,333;0.985231568998;2,016,666,667;1.0;;;;;;
1,908,333,333;105,971,198,256;20.25;0.997844917481;;;;;;
1,916,666,667;0.984219931474;20.25;1.0;;;;;;
1,916,666,667;105,459,852,549;2,033,333,333;100,310,053,808;;;;;;
19.25;0.981834829868;2,033,333,333;1.0;;;;;;
19.25;105,572,449,009;2,041,666,667;0.983232067628;;;;;;
1,933,333,333;0.993605269376;2,041,666,667;1.0;;;;;;
1,933,333,333;105,572,449,009;20.5;101,610,055,198;;;;;;
1,941,666,667;0.992637937146;20.5;1.0;;;;;;
1,941,666,667;107,718,953,498;2,058,333,333;100,123,743,448;;;;;;
19.5;0.990068230151;2,058,333,333;1.0;;;;;;
19.5;10,793,410,597;2,066,666,667;0.951086578702;;;;;;
1,958,333,333;0.992615784499;2,066,666,667;1.0;;;;;;
1,958,333,333;10,474,052,612;20.75;0.957454499951;;;;;;
1,966,666,667;0.991604146975;20.75;1.0;;;;;;
1,966,666,667;104,858,859,979;2,083,333,333;0.973860934611;;;;;;
19.75;0.989219045369;2,083,333,333;1.0;;;;;;
19.75;105,626,954,302;2,091,666,667;0.977628853079;;;;;;
1,983,333,333;0.986221053875;2,091,666,667;1.0;;;;;;
1,983,333,333;104,644,424,682;21.0;101,126,204,413;;;;;;
1,991,666,667;100,002,215,265;21.0;1.0;;;;;;
1,991,666,667;106,146,906,107;2,108,333,333;0.996329407839;;;;;;
20.0;0.997452445652;2,108,333,333;1.0;;;;;;
20.0;104,257,867,409;2,116,666,667;0.980910140011;;;;;;
2,008,333,333;1.0;2,116,666,667;1.0;;;;;;
2,008,333,333;105,971,198,256;21.25;0.951364653866;;;;;;
2,016,666,667;0.994875354442;21.25;1.0;;;;;;
2,016,666,667;105,459,852,549;2,133,333,333;0.949181763831;;;;;;
20.25;0.992741316163;2,133,333,333;1.0;;;;;;
20.25;105,572,449,009;2,141,666,667;102,057,756,212;;;;;;
2,033,333,333;0.989684250945;2,141,666,667;1.0;;;;;;
2,033,333,333;105,572,449,009;21.5;10,064,513,438;;;;;;
2,041,666,667;0.985231568998;21.5;1.0;;;;;;
2,041,666,667;107,718,953,498;2,158,333,333;0.983927255537;;;;;;
20.5;0.984219931474;2,158,333,333;1.0;;;;;;
20.5;10,793,410,597;2,166,666,667;0.917675847782;;;;;;
2,058,333,333;0.981834829868;2,166,666,667;1.0;;;;;;
2,058,333,333;10,474,052,612;21.75;0.9866662959;;;;;;
2,066,666,667;0.993605269376;21.75;1.0;;;;;;
2,066,666,667;104,858,859,979;2,183,333,333;0.980103722036;;;;;;
20.75;0.992637937146;2,183,333,333;1.0;;;;;;
20.75;105,626,954,302;2,191,666,667;0.983468431517;;;;;;
2,083,333,333;0.990068230151;2,191,666,667;1.0;;;;;;
2,083,333,333;104,644,424,682;22.0;0.966380712707;;;;;;
2,091,666,667;0.992615784499;22.0;1.0;;;;;;
2,091,666,667;106,146,906,107;2,208,333,333;0.968744351598;;;;;;
21.0;0.991604146975;2,208,333,333;1.0;;;;;;
21.0;104,257,867,409;2,216,666,667;0.985484476454;;;;;;
2,108,333,333;0.989219045369;2,216,666,667;1.0;;;;;;
2,108,333,333;105,971,198,256;22.25;0.977503719255;;;;;;
2,116,666,667;0.986221053875;22.25;1.0;;;;;;
2,116,666,667;105,459,852,549;2,233,333,333;0.947304756476;;;;;;
21.25;100,002,215,265;2,233,333,333;1.0;;;;;;
21.25;105,572,449,009;2,241,666,667;0.945330422813;;;;;;
2,133,333,333;0.997452445652;2,241,666,667;1.0;;;;;;
2,133,333,333;105,572,449,009;22.5;0.938003142249;;;;;;
2,141,666,667;1.0;22.5;1.0;;;;;;
2,141,666,667;107,718,953,498;2,258,333,333;0.952588184586;;;;;;
21.5;0.994875354442;2,258,333,333;1.0;;;;;;
21.5;10,793,410,597;2,266,666,667;102,485,991,964;;;;;;
2,158,333,333;0.992741316163;2,266,666,667;1.0;;;;;;
2,158,333,333;10,474,052,612;22.75;0.970843819084;;;;;;
2,166,666,667;0.989684250945;22.75;1.0;;;;;;
2,166,666,667;104,858,859,979;2,283,333,333;0.982689821059;;;;;;
21.75;0.985231568998;2,283,333,333;1.0;;;;;;
21.75;105,626,954,302;2,291,666,667;0.972567885099;;;;;;
2,183,333,333;0.984219931474;2,291,666,667;1.0;;;;;;
2,183,333,333;104,644,424,682;23.0;100,115,401,193;;;;;;
2,191,666,667;0.981834829868;23.0;1.0;;;;;;
2,191,666,667;106,146,906,107;2,308,333,333;0.971900504706;;;;;;
22.0;0.993605269376;2,308,333,333;1.0;;;;;;
22.0;104,257,867,409;2,316,666,667;0.980701583638;;;;;;
2,208,333,333;0.992637937146;2,316,666,667;1.0;;;;;;
2,208,333,333;105,971,198,256;23.25;0.951614921513;;;;;;
2,216,666,667;0.990068230151;23.25;1.0;;;;;;
2,216,666,667;105,459,852,549;2,333,333,333;0.972067349805;;;;;;
22.25;0.992615784499;2,333,333,333;1.0;;;;;;
22.25;105,572,449,009;2,341,666,667;100,871,765,638;;;;;;
2,233,333,333;0.991604146975;2,341,666,667;1.0;;;;;;
2,233,333,333;105,572,449,009;23.5;0.985178593774;;;;;;
2,241,666,667;0.989219045369;23.5;1.0;;;;;;
2,241,666,667;107,718,953,498;2,358,333,333;100,325,347,942;;;;;;
22.5;0.986221053875;2,358,333,333;1.0;;;;;;
22.5;10,793,410,597;2,366,666,667;100,050,053,529;;;;;;
2,258,333,333;100,002,215,265;2,366,666,667;1.0;;;;;;
2,258,333,333;10,474,052,612;23.75;0.965296219568;;;;;;
2,266,666,667;0.997452445652;23.75;1.0;;;;;;
2,266,666,667;104,858,859,979;2,383,333,333;0.985873781683;;;;;;
22.75;1.0;2,383,333,333;1.0;;;;;;
22.75;105,626,954,302;2,391,666,667;100,176,577,729;;;;;;
2,283,333,333;0.994875354442;2,391,666,667;1.0;;;;;;
2,283,333,333;104,644,424,682;24.0;0.98367698789;;;;;;
2,291,666,667;0.992741316163;24.0;1.0;;;;;;
2,291,666,667;106,146,906,107;2,408,333,333;100,501,925,671;;;;;;
23.0;0.989684250945;2,408,333,333;1.0;;;;;;
23.0;104,257,867,409;2,416,666,667;101,528,023,025;;;;;;
2,308,333,333;0.985231568998;2,416,666,667;1.0;;;;;;
2,308,333,333;105,971,198,256;24.25;0.965240604535;;;;;;
2,316,666,667;0.984219931474;24.25;1.0;;;;;;
2,316,666,667;110,946,957,744;2,433,333,333;0.971789274641;;;;;;
23.25;0.981834829868;2,433,333,333;1.0;;;;;;
23.25;106,146,906,107;2,441,666,667;0.956189257956;;;;;;
2,333,333,333;0.993605269376;2,441,666,667;1.0;;;;;;
2,333,333,333;104,257,867,409;24.5;0.962876965644;;;;;;
2,341,666,667;0.992637937146;24.5;1.0;;;;;;
2,341,666,667;105,971,198,256;2,458,333,333;0.973443821865;;;;;;
23.5;0.990068230151;2,458,333,333;1.0;;;;;;
23.5;110,946,957,744;2,466,666,667;0.995411759799;;;;;;
2,358,333,333;0.992615784499;2,466,666,667;1.0;;;;;;
2,358,333,333;107,824,378,209;24.75;0.986499450802;;;;;;
2,366,666,667;0.991604146975;24.75;1.0;;;;;;
2,366,666,667;107,824,378,209;2,483,333,333;0.998428875325;;;;;;
23.75;0.989219045369;2,483,333,333;1.0;;;;;;
23.75;103,559,339,052;2,491,666,667;104,208,667,603;;;;;;
2,383,333,333;0.986221053875;2,491,666,667;1.0;;;;;;
2,383,333,333;110,832,926,934;25.0;0.985832070409;;;;;;
2,391,666,667;100,002,215,265;25.0;1.0;;;;;;
2,391,666,667;110,832,926,934;2,508,333,333;0.993659886267;;;;;;
24.0;0.997452445652;2,508,333,333;1.0;;;;;;
24.0;107,257,810,035;2,516,666,667;103,199,254,759;;;;;;
2,408,333,333;1.0;2,516,666,667;1.0;;;;;;
2,408,333,333;110,832,926,934;25.25;0.96421172643;;;;;;
2,416,666,667;0.994875354442;25.25;1.0;;;;;;
2,416,666,667;108,529,361,141;2,533,333,333;101,167,915,688;;;;;;
24.25;0.992741316163;2,533,333,333;1.0;;;;;;
24.25;110,832,926,934;2,541,666,667;0.990156139204;;;;;;
2,433,333,333;0.989684250945;2,541,666,667;1.0;;;;;;
2,433,333,333;107,911,873,548;25.5;0.985401053905;;;;;;
2,441,666,667;0.985231568998;25.5;1.0;;;;;;
2,441,666,667;106,665,423,563;2,558,333,333;0.955188187367;;;;;;
24.5;0.984219931474;2,558,333,333;1.0;;;;;;
24.5;107,253,506,985;2,566,666,667;100,070,909,167;;;;;;
2,458,333,333;0.981834829868;2,566,666,667;1.0;;;;;;
2,458,333,333;107,728,276,772;25.75;100,577,005,965;;;;;;
2,466,666,667;0.993605269376;25.75;1.0;;;;;;
2,466,666,667;103,853,380,763;2,583,333,333;0.980951851285;;;;;;
24.75;0.992637937146;2,583,333,333;1.0;;;;;;
24.75;107,728,276,772;2,591,666,667;0.958163591619;;;;;;
2,483,333,333;0.990068230151;2,591,666,667;1.0;;;;;;
2,483,333,333;105,395,306,807;26.0;0.990934749663;;;;;;
2,491,666,667;0.992615784499;26.0;1.0;;;;;;
2,491,666,667;107,728,276,772;2,608,333,333;100,368,449,592;;;;;;
25.0;0.991604146975;2,608,333,333;1.0;;;;;;
25.0;105,459,852,549;2,616,666,667;100,385,134,102;;;;;;
2,508,333,333;0.989219045369;2,616,666,667;1.0;;;;;;
2,508,333,333;105,572,449,009;26.25;0.99563421993;;;;;;
2,516,666,667;0.986221053875;26.25;1.0;;;;;;
2,516,666,667;107,728,276,772;2,633,333,333;0.954951823478;;;;;;
25.25;100,002,215,265;2,633,333,333;1.0;;;;;;
25.25;107,718,953,498;2,641,666,667;0.973652378238;;;;;;
2,533,333,333;0.997452445652;2,641,666,667;1.0;;;;;;
2,533,333,333;10,793,410,597;26.5;0.976558263699;;;;;;
2,541,666,667;1.0;26.5;1.0;;;;;;
2,541,666,667;10,474,052,612;2,658,333,333;0.972651307648;;;;;;
25.5;0.994875354442;2,658,333,333;1.0;;;;;;
25.5;104,858,859,979;2,666,666,667;0.976502648666;;;;;;
2,558,333,333;0.992741316163;2,666,666,667;1.0;;;;;;
2,558,333,333;105,626,954,302;26.75;0.964239533946;;;;;;
2,566,666,667;0.989684250945;26.75;1.0;;;;;;
2,566,666,667;104,644,424,682;2,683,333,333;0.982008536908;;;;;;
25.75;0.985231568998;2,683,333,333;1.0;;;;;;
25.75;106,146,906,107;2,691,666,667;101,301,391,766;;;;;;
2,583,333,333;0.984219931474;2,691,666,667;1.0;;;;;;
2,583,333,333;104,257,867,409;27.0;0.969522962057;;;;;;
2,591,666,667;0.981834829868;27.0;1.0;;;;;;
2,591,666,667;105,971,198,256;2,708,333,333;0.980896236253;;;;;;
26.0;0.993605269376;2,708,333,333;1.0;;;;;;
26.0;104,268,625,032;2,716,666,667;100,335,080,572;;;;;;
2,608,333,333;0.992637937146;2,716,666,667;1.0;;;;;;
2,608,333,333;102,149,373,189;27.25;0.981243830207;;;;;;
2,616,666,667;0.990068230151;27.25;1.0;;;;;;
2,616,666,667;106,608,766,746;2,733,333,333;0.952546473312;;;;;;
26.25;0.992615784499;2,733,333,333;1.0;;;;;;
26.25;101,540,491,695;2,741,666,667;0.924864090764;;;;;;
2,633,333,333;0.991604146975;2,741,666,667;1.0;;;;;;
2,633,333,333;0.988804899739;27.5;0.981438482822;;;;;;
2,641,666,667;0.989219045369;27.5;1.0;;;;;;
2,641,666,667;102,361,656,961;2,758,333,333;0.963071618258;;;;;;
26.5;0.986221053875;2,758,333,333;1.0;;;;;;
26.5;103,368,570,527;2,766,666,667;0.982425649653;;;;;;
2,658,333,333;100,002,215,265;2,766,666,667;1.0;;;;;;
2,658,333,333;10,488,539,545;27.75;0.996927269441;;;;;;
2,666,666,667;0.997452445652;27.75;1.0;;;;;;
2,666,666,667;100,623,224,992;2,783,333,333;100,753,583,694;;;;;;
26.75;1.0;2,783,333,333;1.0;;;;;;
26.75;10,259,115,293;2,791,666,667;0.96650584653;;;;;;
2,683,333,333;0.994875354442;2,791,666,667;1.0;;;;;;
2,683,333,333;10,183,955,363;28.0;0.969509058298;;;;;;
2,691,666,667;0.992741316163;28.0;1.0;;;;;;
2,691,666,667;104,325,999,025;2,808,333,333;1.0;;;;;;
27.0;0.989684250945;2,808,333,333;1.0;;;;;;
27.0;106,094,552,339;;;;;;;;
2,708,333,333;0.985231568998;;;;;;;;
2,708,333,333;104,361,140,595;;;;;;;;
2,716,666,667;0.984219931474;;;;;;;;
2,716,666,667;104,385,524,542;;;;;;;;
27.25;0.981834829868;;;;;;;;
27.25;102,314,323,417;;;;;;;;
2,733,333,333;0.993605269376;;;;;;;;
2,733,333,333;0.971226942827;;;;;;;;
2,741,666,667;0.962169023782;;;;;;;;
2,741,666,667;0.992637937146;;;;;;;;
27.5;0.990068230151;;;;;;;;
27.5;103,265,297,341;;;;;;;;
2,758,333,333;0.992615784499;;;;;;;;
2,758,333,333;0.99992111076;;;;;;;;
2,766,666,667;0.991604146975;;;;;;;;
2,766,666,667;100,805,387,418;;;;;;;;
27.75;0.989219045369;;;;;;;;
27.75;102,282,050,546;;;;;;;;
2,783,333,333;0.986221053875;;;;;;;;
2,783,333,333;0.992907140193;;;;;;;;
2,791,666,667;100,002,215,265;;;;;;;;
2,791,666,667;100,233,081,844;;;;;;;;
28.0;0.997452445652;;;;;;;;
28.0;0.99368168909;;;;;;;;
2,808,333,333;1.0;;;;;;;;
2,808,333,333;1.0;;;;;;;;
